{
  "title": "ptnt (X_decomp)",
  "data_entropy": 0.29980908242834386,
  "v_data_entropy": 0.293138114453918,
  "epoch_losses": [
    0.35443007946014404,
    0.3513198494911194
  ],
  "epoch_val_losses": [
    0.3472376763820648,
    0.3466683030128479
  ],
  "fidelities": [
    0.9411227532598481,
    0.9008035743150566,
    0.8473044686476287,
    0.9764095538571319,
    0.8739301747100497,
    0.7981581671708495,
    0.8617098768785006,
    0.7904397285412756,
    0.9730714283516074,
    0.994395792190545,
    0.9588659770086926,
    0.9454680840815964,
    0.9855114360070829,
    0.8700785954354361,
    0.8457037018065131,
    0.877060287472488,
    0.8950085157344086,
    0.8869268913994778,
    0.9095811309189502,
    0.8904031474550086,
    0.9367950245882866,
    0.9582064265387966,
    0.9420933901551974,
    0.9395249450185083,
    0.8161591165727733,
    0.9070414323667637,
    0.5986420599234159,
    0.8950925579034988,
    0.7843586756736707,
    0.8756234550515738,
    0.790667562695201,
    0.8181490734819414,
    0.9036094843612844,
    0.9257830089150303,
    0.8398318348937474,
    0.9730857721007824,
    0.8761985571362613,
    0.8784711319930607,
    0.9699663256314047,
    0.7207488811095059,
    0.9196031495923331,
    0.9879691243197043,
    0.7505813034590915,
    0.8888888144594793,
    0.8696157857987233,
    0.9361551084562001,
    0.9785544271306515,
    0.8821582571694885,
    0.8599922261425975,
    0.9529397387340532,
    0.9165859392053893,
    0.8406832635941861,
    0.8610091859931885,
    0.8758097951609634,
    0.9393322606460252,
    0.9254565041031424,
    0.9945197839109955,
    0.9194659991635198,
    0.8473818209671958,
    0.8690238484826096,
    0.8588715142073728,
    0.9106111009416066,
    0.9428522628474608,
    0.8457082881809085,
    0.9660240557126999,
    0.7614382202815626,
    0.8498140943698813,
    0.8892739592573433,
    0.909833989982882,
    0.775811510984876,
    0.9822193096523166,
    0.9501592287447679,
    0.9192958234733081,
    0.9064736710428972,
    0.9020064176871515,
    0.9398093933810302,
    0.8575492377661388,
    0.9123642152222119,
    0.76546094824189,
    0.787392355113513,
    0.9842181046654086,
    0.9218729111464027,
    0.9483150605782392,
    0.898643578268402,
    0.9550520145088297,
    0.8981817478391115,
    0.9761068807171361,
    0.9297907663098706,
    0.7484666154277021,
    0.8057702342074538,
    0.7484465044809994,
    0.8420769822989466,
    0.924049594002271,
    0.9140168443741794,
    0.9234721259028672,
    0.8642402460674109,
    0.9521573709196738,
    0.8549017351520022,
    0.800220820248952,
    0.8353639024829741,
    0.9172852098870969,
    0.9771427939470965,
    0.9332905181542261,
    0.8363905150451089,
    0.9818168938684445,
    0.6523472679017739,
    0.8250717234091169,
    0.9642783546610161,
    0.9159051499399625,
    0.9180430550923318,
    0.9065315881929021,
    0.8317978710311077,
    0.8864441005582623,
    0.7900137007487603,
    0.9163936685622863,
    0.8308422061901444,
    0.7433114042805283,
    0.9709174000372583,
    0.9709110607823194,
    0.8285670272034759,
    0.8193395956682805,
    0.978138567523068,
    0.8536692940776872,
    0.8156878306201925,
    0.9722461571472536,
    0.9157187850675852,
    0.7937067164480329,
    0.9359010063824942,
    0.9088048442666458,
    0.88784278193404,
    0.9037030144547744,
    0.9745706793306723,
    0.904194540547111,
    0.6179587956266068,
    0.979598379127851,
    0.9007795666867232,
    0.9379544238763992,
    0.9813637774834079,
    0.9257483459845014,
    0.9319968063425611,
    0.876879744585932,
    0.9917218147216988,
    0.9567887330565421,
    0.8843619272908808,
    0.9191890712121441,
    0.971517052080045,
    0.9758182004131049,
    0.8632705412860164,
    0.917533301249389,
    0.9358376304937805,
    0.9138910230967937,
    0.9610482429794596,
    0.9035336878006544,
    0.987070729287724,
    0.6339284060332242,
    0.9314517959313303,
    0.9751921734146478,
    0.9061046865195322,
    0.9562831491283742,
    0.7040858187359195,
    0.7227203144036339,
    0.8916514564045399,
    0.8552211544894505,
    0.8984523154221152,
    0.921254982138924,
    0.8690749489001376,
    0.9331425539263307,
    0.8752005700604539,
    0.9120493444074068,
    0.8362697639543246,
    0.9151552534565904,
    0.9339431382756288,
    0.85233353436116,
    0.8492248350800754,
    0.637166095413701,
    0.989851898634361,
    0.9205403977113699,
    0.6653739545194248,
    0.9604817605308155,
    0.9540798292280144,
    0.8761380905464945,
    0.8868269457834421,
    0.9107126371139059,
    0.9721608267921605,
    0.888170400543705,
    0.9698266514242923,
    0.7898784062660489,
    0.8796073646947793,
    0.9177172269703701,
    0.9483876556544969,
    0.9793168256425052,
    0.9671695501995488,
    0.9492250310453834,
    0.8583243363917938,
    0.911831414605022,
    0.83829216352325,
    0.9896270913847295,
    0.8528144947641102,
    0.8655032984875497,
    0.7695973592287456,
    0.9268544170528177,
    0.9385856393347155,
    0.9478610851714343,
    0.9509208488532412,
    0.9006435097614803,
    0.8662785908702838,
    0.9156082608341426,
    0.950452667368213,
    0.9127077808842965,
    0.9935774827527403,
    0.812684875278439,
    0.8328927516360227,
    0.9777152109475269,
    0.869167918199111,
    0.996678324302939,
    0.9597486204175557,
    0.8497090006959405,
    0.9109239667608345,
    0.8758379176308677,
    0.9221220772514878,
    0.5684118028403142,
    0.9050760644043471,
    0.9874710751259238,
    0.7722727958502182,
    0.8209867619094368,
    0.9343132147975642,
    0.9458246825907283,
    0.8729704515132318,
    0.9238310376666612,
    0.7925484289736281,
    0.8361387668777467,
    0.9868410486892828,
    0.958635361710619,
    0.889077385460607,
    0.9205506032378998,
    0.5582833175593064,
    0.8729919462710414,
    0.9057403627203213,
    0.9476798935888197,
    0.9074793191479554,
    0.9126009829128159,
    0.6902639967260622,
    0.9182248848378375,
    0.8071242391493761,
    0.9310384054967793,
    0.9887561975543794,
    0.9583401418520662,
    0.7979634594403753,
    0.7438568442924676,
    0.7674616170107291,
    0.9213171713110652,
    0.9354612980647385,
    0.9301039685191184,
    0.8980388454375527,
    0.9979299119006231,
    0.9907240623314474,
    0.9740692310731949,
    0.963276499441409,
    0.8138924525232724,
    0.9341880086189084,
    0.9695550431321167,
    0.8271163738461895,
    0.8026850431648713,
    0.9685665176096544,
    0.814843781648837,
    0.9351105070999799,
    0.8249394191389536,
    0.9841400901085936,
    0.9319782990673361,
    0.8506228232907238,
    0.9805760460448509,
    0.8882376251578072,
    0.9095590403533909,
    0.8814733034457908,
    0.7972507711096397,
    0.936200958021094,
    0.8085243051910626,
    0.7969470072603555,
    0.9801293696795597,
    0.9604137413062238,
    0.7791121829877183,
    0.8733935055073218,
    0.9709506836723257,
    0.9321362600140853,
    0.7290607180492011,
    0.9364751093146975,
    0.8902929373160693,
    0.9687477918538024,
    0.9916749862918505,
    0.8471669537093752,
    0.9423001353802559,
    0.953179183663187,
    0.9360263744149585,
    0.9557079959477921,
    0.815048178996619,
    0.9403963263750776,
    0.8909268754887535,
    0.9258169677944258,
    0.9040903178688938,
    0.8538795142861395
  ]
}